{
    "tantheta": 0.8007734147293609,
    "focal-length": 8.183054803264923,
    "status": "success"
}