{
    "tantheta": 0.6533432940028681,
    "focal-length": 0.3950648591107928,
    "status": "success"
}