{
    "tantheta": 0.17934777978314093,
    "focal-length": -23.529180132913346,
    "status": "success"
}