{"tantheta":-1.296976027794994,"focal-length":96.10030707104472,"status":"success"}