{"tantheta":0.2577295068171453,"focal-length":-15.325558951755319,"status":"success"}