{
    "tantheta": 0.37405117010788497,
    "focal-length": -3.9045793901152805,
    "status": "success"
}